strategy,concurrency,t_ms,pooled_in_use,pooled_size,pooled_available,requests_waiting,pg_backends,pg_active,pg_idle,pg_idle_in_tx
single_saver_shared_pool,1,0.05,0,4,4,0,4,0,4,0
single_saver_shared_pool,1,8.84,1,4,3,0,4,1,3,0
single_saver_shared_pool,1,15.82,1,4,3,0,4,1,3,0
single_saver_shared_pool,1,35.75,0,4,4,0,4,0,4,0
single_saver_shared_pool,1,52.42,0,4,4,0,4,0,4,0
single_saver_shared_pool,1,67.5,0,4,4,0,4,0,4,0
single_saver_shared_pool,1,79.77,0,4,4,0,4,0,4,0
single_saver_shared_pool,1,98.07,0,4,4,0,4,0,4,0
single_saver_shared_pool,1,113.22,0,4,4,0,4,0,4,0
single_saver_shared_pool,1,131.41,0,4,4,0,4,0,4,0
single_saver_shared_pool,1,146.58,0,4,4,0,4,0,4,0
single_saver_shared_pool,1,162.29,0,4,4,0,4,0,4,0
single_saver_shared_pool,1,170.66,0,4,4,0,4,0,4,0
single_saver_shared_pool,1,192.27,0,4,4,0,4,0,4,0
single_saver_shared_pool,1,205.8,0,4,4,0,4,0,4,0
single_saver_shared_pool,1,221.63,0,4,4,0,4,0,4,0
single_saver_shared_pool,1,236.76,0,4,4,0,4,0,4,0
single_saver_shared_pool,1,249.99,0,4,4,0,4,0,4,0
single_saver_shared_pool,1,261.55,0,4,4,0,4,0,4,0
single_saver_shared_pool,1,268.73,0,4,4,0,4,0,4,0
single_saver_shared_pool,1,279.78,0,4,4,0,4,0,4,0
single_saver_shared_pool,1,297.79,0,4,4,0,4,0,4,0
single_saver_shared_pool,1,310.02,0,4,4,0,4,0,4,0
single_saver_shared_pool,1,325.63,0,4,4,0,4,0,4,0
single_saver_shared_pool,1,341.16,0,4,4,0,4,0,4,0
single_saver_shared_pool,1,356.83,0,4,4,0,4,0,4,0
single_saver_shared_pool,1,370.72,0,4,4,0,4,0,4,0
single_saver_shared_pool,1,386.01,0,4,4,0,4,0,4,0
single_saver_shared_pool,1,400.93,0,4,4,0,4,0,4,0
single_saver_shared_pool,1,419.08,0,4,4,0,4,0,4,0
single_saver_shared_pool,1,434.6,0,4,4,0,4,0,4,0
single_saver_shared_pool,1,449.41,0,4,4,0,4,0,4,0
single_saver_shared_pool,1,465.15,0,4,4,0,4,0,4,0
single_saver_shared_pool,1,480.93,0,4,4,0,4,0,4,0
single_saver_shared_pool,1,496.22,0,4,4,0,4,0,4,0
single_saver_shared_pool,1,509.99,0,4,4,0,4,0,4,0
single_saver_shared_pool,1,526.02,0,4,4,0,4,0,4,0
single_saver_shared_pool,1,533.03,0,4,4,0,4,0,4,0
single_saver_shared_pool,1,541.73,0,4,4,0,4,0,4,0
single_saver_shared_pool,1,552.39,0,4,4,0,4,0,4,0
single_saver_shared_pool,1,568.25,0,4,4,0,4,0,4,0
single_saver_shared_pool,1,583.95,0,4,4,0,4,0,4,0
single_saver_shared_pool,1,599.39,0,4,4,0,4,0,4,0
single_saver_shared_pool,1,614.89,0,4,4,0,4,0,4,0
single_saver_shared_pool,1,630.35,0,4,4,0,4,0,4,0
single_saver_shared_pool,1,645.61,0,4,4,0,4,0,4,0
single_saver_shared_pool,1,661.3,0,4,4,0,4,0,4,0
single_saver_shared_pool,1,673.95,0,4,4,0,4,0,4,0
single_saver_shared_pool,1,689.26,0,4,4,0,4,0,4,0
single_saver_shared_pool,1,704.2,0,4,4,0,4,0,4,0
single_saver_shared_pool,1,719.57,0,4,4,0,4,0,4,0
single_saver_shared_pool,1,734.59,0,4,4,0,4,0,4,0
single_saver_shared_pool,1,750.66,0,4,4,0,4,0,4,0
single_saver_shared_pool,1,766.63,0,4,4,0,4,0,4,0
single_saver_shared_pool,1,781.82,0,4,4,0,4,0,4,0
single_saver_shared_pool,1,788.32,0,4,4,0,4,0,4,0
single_saver_shared_pool,5,0.05,0,4,4,0,4,1,3,0
single_saver_shared_pool,5,8.3,1,4,3,0,4,1,3,0
single_saver_shared_pool,5,15.75,1,4,3,0,4,1,3,0
single_saver_shared_pool,5,26.61,0,4,4,0,4,1,3,0
single_saver_shared_pool,5,34.42,0,4,4,0,4,1,3,0
single_saver_shared_pool,5,42.4,0,4,4,0,4,1,3,0
single_saver_shared_pool,5,50.56,0,4,4,0,4,0,4,0
single_saver_shared_pool,5,56.68,1,4,3,0,4,1,3,0
single_saver_shared_pool,5,63.24,0,4,4,0,4,0,4,0
single_saver_shared_pool,5,70.31,0,4,4,0,4,0,4,0
single_saver_shared_pool,5,76.82,0,4,4,0,4,0,4,0
single_saver_shared_pool,5,92.82,0,4,4,0,4,0,4,0
single_saver_shared_pool,5,111.57,0,4,4,0,4,0,4,0
single_saver_shared_pool,5,129.59,0,4,4,0,4,0,4,0
single_saver_shared_pool,5,143.36,0,4,4,0,4,0,4,0
single_saver_shared_pool,5,158.65,0,4,4,0,4,0,4,0
single_saver_shared_pool,5,173.67,0,4,4,0,4,0,4,0
single_saver_shared_pool,5,189.25,0,4,4,0,4,0,4,0
single_saver_shared_pool,5,199.25,0,4,4,0,4,0,4,0
single_saver_shared_pool,5,210.13,0,4,4,0,4,0,4,0
single_saver_shared_pool,5,225.57,0,4,4,0,4,0,4,0
single_saver_shared_pool,5,241.94,0,4,4,0,4,0,4,0
single_saver_shared_pool,5,256.94,0,4,4,0,4,0,4,0
single_saver_shared_pool,5,264.72,0,4,4,0,4,0,4,0
single_saver_shared_pool,5,271.18,1,4,3,0,4,1,3,0
single_saver_shared_pool,5,277.81,1,4,3,0,4,0,4,0
single_saver_shared_pool,5,285.06,0,4,4,0,4,0,4,0
single_saver_shared_pool,5,294.94,0,4,4,0,4,0,4,0
single_saver_shared_pool,5,306.6,0,4,4,0,4,0,4,0
single_saver_shared_pool,5,321.55,0,4,4,0,4,0,4,0
single_saver_shared_pool,5,336.95,0,4,4,0,4,0,4,0
single_saver_shared_pool,5,352.67,0,4,4,0,4,0,4,0
single_saver_shared_pool,5,367.33,0,4,4,0,4,0,4,0
single_saver_shared_pool,5,383.12,0,4,4,0,4,0,4,0
single_saver_shared_pool,5,397.64,0,4,4,0,4,0,4,0
single_saver_shared_pool,5,411.14,0,4,4,0,4,0,4,0
single_saver_shared_pool,5,426.0,0,4,4,0,4,0,4,0
single_saver_shared_pool,5,440.25,0,4,4,0,4,0,4,0
single_saver_shared_pool,5,457.23,0,4,4,0,4,0,4,0
single_saver_shared_pool,5,470.81,0,4,4,0,4,0,4,0
single_saver_shared_pool,5,486.47,0,4,4,0,4,0,4,0
single_saver_shared_pool,5,500.95,0,4,4,0,4,0,4,0
single_saver_shared_pool,5,514.37,0,4,4,0,4,0,4,0
single_saver_shared_pool,5,523.68,0,4,4,0,4,0,4,0
single_saver_shared_pool,5,531.15,0,4,4,0,4,0,4,0
single_saver_shared_pool,5,537.66,1,4,3,0,4,0,4,0
single_saver_shared_pool,5,544.38,0,4,4,0,4,0,4,0
single_saver_shared_pool,5,550.81,0,4,4,0,4,0,4,0
single_saver_shared_pool,5,561.51,0,4,4,0,4,0,4,0
single_saver_shared_pool,5,575.21,0,4,4,0,4,0,4,0
single_saver_shared_pool,5,585.68,0,4,4,0,4,0,4,0
single_saver_shared_pool,5,601.36,0,4,4,0,4,0,4,0
single_saver_shared_pool,5,616.19,0,4,4,0,4,0,4,0
single_saver_shared_pool,5,629.6,0,4,4,0,4,0,4,0
single_saver_shared_pool,5,645.38,0,4,4,0,4,0,4,0
single_saver_shared_pool,5,661.02,0,4,4,0,4,0,4,0
single_saver_shared_pool,5,675.75,0,4,4,0,4,0,4,0
single_saver_shared_pool,5,691.94,0,4,4,0,4,0,4,0
single_saver_shared_pool,5,706.83,0,4,4,0,4,0,4,0
single_saver_shared_pool,5,723.16,0,4,4,0,4,0,4,0
single_saver_shared_pool,5,737.6,0,4,4,0,4,0,4,0
single_saver_shared_pool,5,753.06,0,4,4,0,4,0,4,0
single_saver_shared_pool,5,768.91,0,4,4,0,4,0,4,0
single_saver_shared_pool,5,777.76,0,4,4,0,4,0,4,0
single_saver_shared_pool,5,784.34,1,4,3,0,4,0,4,0
single_saver_shared_pool,5,790.64,0,4,4,0,4,0,4,0
single_saver_shared_pool,5,796.87,1,4,3,0,4,1,3,0
single_saver_shared_pool,5,805.02,0,4,4,0,4,0,4,0
single_saver_shared_pool,5,805.8,0,4,4,0,4,0,4,0
single_saver_shared_pool,20,0.1,0,4,4,0,4,1,3,0
single_saver_shared_pool,20,8.88,1,4,3,0,4,1,3,0
single_saver_shared_pool,20,15.58,1,4,3,0,4,0,4,0
single_saver_shared_pool,20,24.32,1,4,3,0,4,0,4,0
single_saver_shared_pool,20,31.01,1,4,3,0,4,0,4,0
single_saver_shared_pool,20,38.51,1,4,3,0,4,1,3,0
single_saver_shared_pool,20,47.17,1,4,3,0,4,1,3,0
single_saver_shared_pool,20,54.01,1,4,3,0,4,1,3,0
single_saver_shared_pool,20,61.84,1,4,3,0,4,1,3,0
single_saver_shared_pool,20,70.47,0,4,4,0,4,0,4,0
single_saver_shared_pool,20,77.52,1,4,3,0,4,0,4,0
single_saver_shared_pool,20,84.69,0,4,4,0,4,0,4,0
single_saver_shared_pool,20,92.01,0,4,4,0,4,1,3,0
single_saver_shared_pool,20,99.73,0,4,4,0,4,0,4,0
single_saver_shared_pool,20,107.52,0,4,4,0,4,0,4,0
single_saver_shared_pool,20,114.66,0,4,4,0,4,1,3,0
single_saver_shared_pool,20,121.17,0,4,4,0,4,0,4,0
single_saver_shared_pool,20,128.75,0,4,4,0,4,0,4,0
single_saver_shared_pool,20,135.39,1,4,3,0,4,0,4,0
single_saver_shared_pool,20,143.42,0,4,4,0,4,0,4,0
single_saver_shared_pool,20,150.36,0,4,4,0,4,0,4,0
single_saver_shared_pool,20,157.65,0,4,4,0,4,0,4,0
single_saver_shared_pool,20,164.65,0,4,4,0,4,1,3,0
single_saver_shared_pool,20,172.25,0,4,4,0,4,0,4,0
single_saver_shared_pool,20,179.57,0,4,4,0,4,0,4,0
single_saver_shared_pool,20,186.16,0,4,4,0,4,0,4,0
single_saver_shared_pool,20,192.2,1,4,3,0,4,1,3,0
single_saver_shared_pool,20,198.1,1,4,3,0,4,1,3,0
single_saver_shared_pool,20,204.16,1,4,3,0,4,1,3,0
single_saver_shared_pool,20,211.6,0,4,4,0,4,0,4,0
single_saver_shared_pool,20,217.52,1,4,3,0,4,0,4,0
single_saver_shared_pool,20,223.41,1,4,3,0,4,1,3,0
single_saver_shared_pool,20,230.29,0,4,4,0,4,0,4,0
single_saver_shared_pool,20,236.53,0,4,4,0,4,0,4,0
single_saver_shared_pool,20,242.5,1,4,3,0,4,1,3,0
single_saver_shared_pool,20,249.39,0,4,4,0,4,0,4,0
single_saver_shared_pool,20,255.27,0,4,4,0,4,0,4,0
single_saver_shared_pool,20,262.65,0,4,4,0,4,0,4,0
single_saver_shared_pool,20,268.83,1,4,3,0,4,0,4,0
single_saver_shared_pool,20,274.88,1,4,3,0,4,1,3,0
single_saver_shared_pool,20,281.64,0,4,4,0,4,0,4,0
single_saver_shared_pool,20,289.12,0,4,4,0,4,0,4,0
single_saver_shared_pool,20,296.28,0,4,4,0,4,0,4,0
single_saver_shared_pool,20,303.48,0,4,4,0,4,1,3,0
single_saver_shared_pool,20,310.17,0,4,4,0,4,0,4,0
single_saver_shared_pool,20,316.99,0,4,4,0,4,1,3,0
single_saver_shared_pool,20,323.39,0,4,4,0,4,0,4,0
single_saver_shared_pool,20,329.94,0,4,4,0,4,0,4,0
single_saver_shared_pool,20,336.51,0,4,4,0,4,0,4,0
single_saver_shared_pool,20,343.08,0,4,4,0,4,0,4,0
single_saver_shared_pool,20,349.65,0,4,4,0,4,0,4,0
single_saver_shared_pool,20,359.76,0,4,4,0,4,0,4,0
single_saver_shared_pool,20,375.48,0,4,4,0,4,0,4,0
single_saver_shared_pool,20,391.31,0,4,4,0,4,0,4,0
single_saver_shared_pool,20,406.84,0,4,4,0,4,0,4,0
single_saver_shared_pool,20,420.21,0,4,4,0,4,0,4,0
single_saver_shared_pool,20,433.76,0,4,4,0,4,0,4,0
single_saver_shared_pool,20,449.06,0,4,4,0,4,0,4,0
single_saver_shared_pool,20,465.17,0,4,4,0,4,0,4,0
single_saver_shared_pool,20,480.45,0,4,4,0,4,0,4,0
single_saver_shared_pool,20,495.42,0,4,4,0,4,0,4,0
single_saver_shared_pool,20,510.99,0,4,4,0,4,0,4,0
single_saver_shared_pool,20,518.14,0,4,4,0,4,1,3,0
single_saver_shared_pool,20,525.8,0,4,4,0,4,0,4,0
single_saver_shared_pool,20,532.15,1,4,3,0,4,1,3,0
single_saver_shared_pool,20,539.09,0,4,4,0,4,0,4,0
single_saver_shared_pool,20,545.12,1,4,3,0,4,1,3,0
single_saver_shared_pool,20,552.51,0,4,4,0,4,0,4,0
single_saver_shared_pool,20,558.58,1,4,3,0,4,1,3,0
single_saver_shared_pool,20,565.44,0,4,4,0,4,0,4,0
single_saver_shared_pool,20,572.78,0,4,4,0,4,0,4,0
single_saver_shared_pool,20,579.6,0,4,4,0,4,0,4,0
single_saver_shared_pool,20,586.55,0,4,4,0,4,0,4,0
single_saver_shared_pool,20,593.25,0,4,4,0,4,0,4,0
single_saver_shared_pool,20,600.27,0,4,4,0,4,0,4,0
single_saver_shared_pool,20,606.97,0,4,4,0,4,0,4,0
single_saver_shared_pool,20,619.99,0,4,4,0,4,0,4,0
single_saver_shared_pool,20,627.46,0,4,4,0,4,0,4,0
single_saver_shared_pool,20,638.47,0,4,4,0,4,0,4,0
single_saver_shared_pool,20,645.73,0,4,4,0,4,0,4,0
single_saver_shared_pool,20,661.4,0,4,4,0,4,0,4,0
single_saver_shared_pool,20,677.41,0,4,4,0,4,0,4,0
single_saver_shared_pool,20,692.7,0,4,4,0,4,0,4,0
single_saver_shared_pool,20,709.42,0,4,4,0,4,0,4,0
single_saver_shared_pool,20,723.15,0,4,4,0,4,0,4,0
single_saver_shared_pool,20,729.5,0,4,4,0,4,0,4,0
single_saver_shared_pool,20,746.03,0,4,4,0,4,0,4,0
single_saver_shared_pool,20,753.78,0,4,4,0,4,0,4,0
single_saver_shared_pool,20,765.6,0,4,4,0,4,0,4,0
single_saver_shared_pool,20,772.86,0,4,4,0,4,0,4,0
single_saver_shared_pool,20,779.41,1,4,3,0,4,1,3,0
single_saver_shared_pool,20,785.35,1,4,3,0,4,1,3,0
single_saver_shared_pool,20,791.32,1,4,3,0,4,0,4,0
single_saver_shared_pool,20,798.8,0,4,4,0,4,0,4,0
single_saver_shared_pool,20,806.47,0,4,4,0,4,0,4,0
single_saver_shared_pool,20,813.66,0,4,4,0,4,0,4,0
single_saver_shared_pool,20,820.27,0,4,4,0,4,0,4,0
single_saver_shared_pool,20,826.79,0,4,4,0,4,0,4,0
single_saver_shared_pool,20,834.17,0,4,4,0,4,0,4,0
single_saver_shared_pool,20,840.37,0,4,4,0,4,0,4,0
single_saver_shared_pool,20,847.22,0,4,4,0,4,0,4,0
single_saver_shared_pool,20,853.31,0,4,4,0,4,0,4,0
single_saver_shared_pool,20,860.14,0,4,4,0,4,0,4,0
single_saver_shared_pool,20,862.74,0,4,4,0,4,0,4,0
single_saver_shared_pool,50,0.14,0,3,3,0,3,1,2,0
single_saver_shared_pool,50,14.3,1,3,2,0,3,1,2,0
single_saver_shared_pool,50,21.89,1,3,2,0,3,0,3,0
single_saver_shared_pool,50,28.6,1,3,2,0,3,1,2,0
single_saver_shared_pool,50,35.03,1,3,2,0,3,0,3,0
single_saver_shared_pool,50,41.32,1,3,2,0,3,0,3,0
single_saver_shared_pool,50,49.65,1,3,2,0,3,0,3,0
single_saver_shared_pool,50,56.37,1,3,2,0,3,1,2,0
single_saver_shared_pool,50,63.55,1,3,2,0,3,1,2,0
single_saver_shared_pool,50,69.61,1,3,2,0,3,0,3,0
single_saver_shared_pool,50,77.32,1,3,2,0,3,0,3,0
single_saver_shared_pool,50,84.51,1,3,2,0,3,1,2,0
single_saver_shared_pool,50,91.33,1,3,2,0,3,0,3,0
single_saver_shared_pool,50,99.12,1,3,2,0,3,0,3,0
single_saver_shared_pool,50,105.51,1,3,2,0,3,1,2,0
single_saver_shared_pool,50,111.99,1,3,2,0,3,0,3,0
single_saver_shared_pool,50,119.29,1,3,2,0,3,0,3,0
single_saver_shared_pool,50,125.89,1,3,2,0,3,1,2,0
single_saver_shared_pool,50,131.94,1,3,2,0,3,0,3,0
single_saver_shared_pool,50,138.48,1,3,2,0,3,1,2,0
single_saver_shared_pool,50,145.7,0,3,3,0,3,1,2,0
single_saver_shared_pool,50,153.58,0,3,3,0,3,0,3,0
single_saver_shared_pool,50,161.0,0,3,3,0,3,0,3,0
single_saver_shared_pool,50,168.43,0,3,3,0,3,0,3,0
single_saver_shared_pool,50,175.42,0,3,3,0,3,0,3,0
single_saver_shared_pool,50,182.54,0,3,3,0,3,0,3,0
single_saver_shared_pool,50,189.62,0,3,3,0,3,0,3,0
single_saver_shared_pool,50,195.84,1,3,2,0,3,0,3,0
single_saver_shared_pool,50,203.55,0,3,3,0,3,0,3,0
single_saver_shared_pool,50,210.66,0,3,3,0,3,0,3,0
single_saver_shared_pool,50,217.53,0,3,3,0,3,1,2,0
single_saver_shared_pool,50,224.65,0,3,3,0,3,0,3,0
single_saver_shared_pool,50,232.0,0,3,3,0,3,0,3,0
single_saver_shared_pool,50,239.44,0,3,3,0,3,0,3,0
single_saver_shared_pool,50,246.39,0,3,3,0,3,0,3,0
single_saver_shared_pool,50,253.36,0,3,3,0,3,0,3,0
single_saver_shared_pool,50,260.15,0,3,3,0,3,0,3,0
single_saver_shared_pool,50,266.32,1,3,2,0,3,1,2,0
single_saver_shared_pool,50,272.56,1,3,2,0,3,0,3,0
single_saver_shared_pool,50,280.12,0,3,3,0,3,0,3,0
single_saver_shared_pool,50,286.85,1,3,2,0,3,1,2,0
single_saver_shared_pool,50,292.82,1,3,2,0,3,1,2,0
single_saver_shared_pool,50,298.81,0,3,3,0,3,0,3,0
single_saver_shared_pool,50,306.28,0,3,3,0,3,0,3,0
single_saver_shared_pool,50,312.4,1,3,2,0,3,1,2,0
single_saver_shared_pool,50,318.41,1,3,2,0,3,1,2,0
single_saver_shared_pool,50,324.68,1,3,2,0,3,0,3,0
single_saver_shared_pool,50,331.81,0,3,3,0,3,0,3,0
single_saver_shared_pool,50,338.72,0,3,3,0,3,0,3,0
single_saver_shared_pool,50,345.39,1,3,2,0,3,1,2,0
single_saver_shared_pool,50,351.71,0,3,3,0,3,0,3,0
single_saver_shared_pool,50,358.46,1,3,2,0,3,1,2,0
single_saver_shared_pool,50,364.92,1,3,2,0,3,1,2,0
single_saver_shared_pool,50,372.2,0,3,3,0,3,0,3,0
single_saver_shared_pool,50,378.39,1,3,2,0,3,1,2,0
single_saver_shared_pool,50,384.26,1,3,2,0,3,1,2,0
single_saver_shared_pool,50,390.46,1,3,2,0,3,1,2,0
single_saver_shared_pool,50,396.93,0,3,3,0,3,0,3,0
single_saver_shared_pool,50,403.14,1,3,2,0,3,0,3,0
single_saver_shared_pool,50,409.29,1,3,2,0,3,1,2,0
single_saver_shared_pool,50,416.26,0,3,3,0,3,0,3,0
single_saver_shared_pool,50,422.19,1,3,2,0,3,1,2,0
single_saver_shared_pool,50,427.99,1,3,2,0,3,1,2,0
single_saver_shared_pool,50,433.76,1,3,2,0,3,1,2,0
single_saver_shared_pool,50,439.55,1,3,2,0,3,1,2,0
single_saver_shared_pool,50,445.32,1,3,2,0,3,1,2,0
single_saver_shared_pool,50,452.78,0,3,3,0,3,0,3,0
single_saver_shared_pool,50,458.81,0,3,3,0,3,0,3,0
single_saver_shared_pool,50,464.87,0,3,3,0,3,0,3,0
single_saver_shared_pool,50,470.97,1,3,2,0,3,0,3,0
single_saver_shared_pool,50,477.1,1,3,2,0,3,1,2,0
single_saver_shared_pool,50,485.31,0,3,3,0,3,0,3,0
single_saver_shared_pool,50,491.29,1,3,2,0,3,1,2,0
single_saver_shared_pool,50,498.32,0,3,3,0,3,0,3,0
single_saver_shared_pool,50,504.31,1,3,2,0,3,1,2,0
single_saver_shared_pool,50,510.89,0,3,3,0,3,0,3,0
single_saver_shared_pool,50,517.49,1,3,2,0,3,0,3,0
single_saver_shared_pool,50,523.49,1,3,2,0,3,1,2,0
single_saver_shared_pool,50,530.69,0,3,3,0,3,0,3,0
single_saver_shared_pool,50,536.89,1,3,2,0,3,1,2,0
single_saver_shared_pool,50,543.27,1,3,2,0,3,1,2,0
single_saver_shared_pool,50,550.51,0,3,3,0,3,0,3,0
single_saver_shared_pool,50,556.58,0,3,3,0,3,0,3,0
single_saver_shared_pool,50,563.32,0,3,3,0,3,0,3,0
single_saver_shared_pool,50,569.41,1,3,2,0,3,1,2,0
single_saver_shared_pool,50,575.54,0,3,3,0,3,0,3,0
single_saver_shared_pool,50,581.57,0,3,3,0,3,0,3,0
single_saver_shared_pool,50,587.55,1,3,2,0,3,1,2,0
single_saver_shared_pool,50,594.9,0,3,3,0,3,0,3,0
single_saver_shared_pool,50,601.06,0,3,3,0,3,0,3,0
single_saver_shared_pool,50,607.16,1,3,2,0,3,1,2,0
single_saver_shared_pool,50,613.23,1,3,2,0,3,1,2,0
single_saver_shared_pool,50,619.15,1,3,2,0,3,1,2,0
single_saver_shared_pool,50,625.42,0,3,3,0,3,0,3,0
single_saver_shared_pool,50,631.63,1,3,2,0,3,1,2,0
single_saver_shared_pool,50,639.22,0,3,3,0,3,0,3,0
single_saver_shared_pool,50,646.43,0,3,3,0,3,1,2,0
single_saver_shared_pool,50,653.54,0,3,3,0,3,0,3,0
single_saver_shared_pool,50,660.36,0,3,3,0,3,0,3,0
single_saver_shared_pool,50,666.53,0,3,3,0,3,0,3,0
single_saver_shared_pool,50,673.62,0,3,3,0,3,0,3,0
single_saver_shared_pool,50,680.09,1,3,2,0,3,0,3,0
single_saver_shared_pool,50,687.23,0,3,3,0,3,0,3,0
single_saver_shared_pool,50,694.76,0,3,3,0,3,0,3,0
single_saver_shared_pool,50,701.52,0,3,3,0,3,0,3,0
single_saver_shared_pool,50,708.26,0,3,3,0,3,0,3,0
single_saver_shared_pool,50,714.61,0,3,3,0,3,0,3,0
single_saver_shared_pool,50,720.61,1,3,2,0,3,1,2,0
single_saver_shared_pool,50,727.76,0,3,3,0,3,0,3,0
single_saver_shared_pool,50,733.95,1,3,2,0,3,0,3,0
single_saver_shared_pool,50,740.05,1,3,2,0,3,1,2,0
single_saver_shared_pool,50,745.99,1,3,2,0,3,1,2,0
single_saver_shared_pool,50,752.71,0,3,3,0,3,0,3,0
single_saver_shared_pool,50,758.95,1,3,2,0,3,0,3,0
single_saver_shared_pool,50,765.16,1,3,2,0,3,0,3,0
single_saver_shared_pool,50,771.16,1,3,2,0,3,0,3,0
single_saver_shared_pool,50,777.63,1,3,2,0,3,0,3,0
single_saver_shared_pool,50,784.72,0,3,3,0,3,0,3,0
single_saver_shared_pool,50,792.49,0,3,3,0,3,0,3,0
single_saver_shared_pool,50,798.63,1,3,2,0,3,1,2,0
single_saver_shared_pool,50,804.86,1,3,2,0,3,0,3,0
single_saver_shared_pool,50,812.59,0,3,3,0,3,0,3,0
single_saver_shared_pool,50,820.39,0,3,3,0,3,0,3,0
single_saver_shared_pool,50,826.87,1,3,2,0,3,1,2,0
single_saver_shared_pool,50,833.35,0,3,3,0,3,0,3,0
single_saver_shared_pool,50,840.8,0,3,3,0,3,0,3,0
single_saver_shared_pool,50,847.18,1,3,2,0,3,1,2,0
single_saver_shared_pool,50,853.03,1,3,2,0,3,1,2,0
single_saver_shared_pool,50,859.77,0,3,3,0,3,0,3,0
single_saver_shared_pool,50,866.14,0,3,3,0,3,0,3,0
single_saver_shared_pool,50,872.16,1,3,2,0,3,1,2,0
single_saver_shared_pool,50,879.31,0,3,3,0,3,0,3,0
single_saver_shared_pool,50,886.23,1,3,2,0,3,1,2,0
single_saver_shared_pool,50,892.82,0,3,3,0,3,0,3,0
single_saver_shared_pool,50,899.75,0,3,3,0,3,0,3,0
single_saver_shared_pool,50,906.42,0,3,3,0,3,0,3,0
single_saver_shared_pool,50,912.84,0,3,3,0,3,0,3,0
single_saver_shared_pool,50,919.54,0,3,3,0,3,0,3,0
single_saver_shared_pool,50,926.22,1,3,2,0,3,0,3,0
single_saver_shared_pool,50,932.91,0,3,3,0,3,0,3,0
single_saver_shared_pool,50,939.58,0,3,3,0,3,0,3,0
single_saver_shared_pool,50,946.71,0,3,3,0,3,0,3,0
single_saver_shared_pool,50,954.08,0,3,3,0,3,0,3,0
single_saver_shared_pool,50,960.91,1,3,2,0,3,0,3,0
single_saver_shared_pool,50,967.05,1,3,2,0,3,1,2,0
single_saver_shared_pool,50,973.46,0,3,3,0,3,0,3,0
single_saver_shared_pool,50,980.12,0,3,3,0,3,0,3,0
single_saver_shared_pool,50,986.48,0,3,3,0,3,0,3,0
single_saver_shared_pool,50,993.22,0,3,3,0,3,0,3,0
single_saver_shared_pool,50,999.57,0,3,3,0,3,0,3,0
single_saver_shared_pool,50,1005.73,0,3,3,0,3,0,3,0
single_saver_shared_pool,50,1012.22,1,3,2,0,3,0,3,0
single_saver_shared_pool,50,1018.69,0,3,3,0,3,0,3,0
single_saver_shared_pool,50,1025.68,0,3,3,0,3,0,3,0
single_saver_shared_pool,50,1032.6,0,3,3,0,3,0,3,0
single_saver_shared_pool,50,1039.39,0,3,3,0,3,0,3,0
single_saver_shared_pool,50,1045.64,0,3,3,0,3,0,3,0
single_saver_shared_pool,50,1051.77,0,3,3,0,3,0,3,0
single_saver_shared_pool,50,1058.04,1,3,2,0,3,0,3,0
single_saver_shared_pool,50,1064.69,0,3,3,0,3,0,3,0
single_saver_shared_pool,50,1071.29,0,3,3,0,3,0,3,0
single_saver_shared_pool,50,1077.83,0,3,3,0,3,0,3,0
single_saver_shared_pool,50,1084.35,0,3,3,0,3,1,2,0
single_saver_shared_pool,50,1090.87,0,3,3,0,3,0,3,0
single_saver_shared_pool,50,1097.76,0,3,3,0,3,0,3,0
single_saver_shared_pool,50,1104.19,0,3,3,0,3,0,3,0
single_saver_shared_pool,50,1110.7,0,3,3,0,3,1,2,0
single_saver_shared_pool,50,1117.18,0,3,3,0,3,0,3,0
single_saver_shared_pool,50,1123.32,1,3,2,0,3,0,3,0
single_saver_shared_pool,50,1129.79,0,3,3,0,3,1,2,0
single_saver_shared_pool,50,1136.32,0,3,3,0,3,0,3,0
single_saver_shared_pool,50,1142.77,0,3,3,0,3,0,3,0
single_saver_shared_pool,50,1148.96,0,3,3,0,3,0,3,0
single_saver_shared_pool,50,1155.71,0,3,3,0,3,0,3,0
single_saver_shared_pool,50,1162.63,0,3,3,0,3,1,2,0
single_saver_shared_pool,50,1169.46,0,3,3,0,3,0,3,0
single_saver_shared_pool,50,1175.93,0,3,3,0,3,0,3,0
single_saver_shared_pool,50,1182.91,0,3,3,0,3,0,3,0
single_saver_shared_pool,50,1190.09,0,3,3,0,3,0,3,0
single_saver_shared_pool,50,1197.03,1,3,2,0,3,0,3,0
single_saver_shared_pool,50,1203.76,0,3,3,0,3,0,3,0
single_saver_shared_pool,50,1210.49,0,3,3,0,3,0,3,0
single_saver_shared_pool,50,1218.05,0,3,3,0,3,0,3,0
single_saver_shared_pool,50,1225.2,0,3,3,0,3,0,3,0
single_saver_shared_pool,50,1231.76,1,3,2,0,3,0,3,0
single_saver_shared_pool,50,1237.95,1,3,2,0,3,1,2,0
single_saver_shared_pool,50,1244.52,0,3,3,0,3,0,3,0
single_saver_shared_pool,50,1251.54,0,3,3,0,3,0,3,0
single_saver_shared_pool,50,1258.43,0,3,3,0,3,0,3,0
single_saver_shared_pool,50,1265.7,0,3,3,0,3,0,3,0
single_saver_shared_pool,50,1272.66,0,3,3,0,3,0,3,0
single_saver_shared_pool,50,1279.85,0,3,3,0,3,0,3,0
single_saver_shared_pool,50,1286.92,0,3,3,0,3,0,3,0
single_saver_shared_pool,50,1293.93,0,3,3,0,3,0,3,0
single_saver_shared_pool,50,1300.87,0,3,3,0,3,0,3,0
single_saver_shared_pool,50,1307.9,0,3,3,0,3,0,3,0
single_saver_shared_pool,50,1314.34,1,3,2,0,3,0,3,0
single_saver_shared_pool,50,1321.43,0,3,3,0,3,0,3,0
single_saver_shared_pool,50,1328.61,0,3,3,0,3,0,3,0
single_saver_shared_pool,50,1329.8,0,3,3,0,3,0,3,0
single_saver_single_conn,1,0.04,,,,,1,1,0,0
single_saver_single_conn,1,8.02,,,,,1,1,0,0
single_saver_single_conn,1,16.31,,,,,1,0,1,0
single_saver_single_conn,1,26.3,,,,,1,0,1,0
single_saver_single_conn,1,39.21,,,,,1,0,1,0
single_saver_single_conn,1,54.73,,,,,1,0,1,0
single_saver_single_conn,1,70.97,,,,,1,0,1,0
single_saver_single_conn,1,87.56,,,,,1,0,1,0
single_saver_single_conn,1,102.86,,,,,1,0,1,0
single_saver_single_conn,1,117.77,,,,,1,0,1,0
single_saver_single_conn,1,133.38,,,,,1,0,1,0
single_saver_single_conn,1,147.97,,,,,1,0,1,0
single_saver_single_conn,1,155.79,,,,,1,0,1,0
single_saver_single_conn,1,167.43,,,,,1,0,1,0
single_saver_single_conn,1,179.15,,,,,1,0,1,0
single_saver_single_conn,1,194.83,,,,,1,0,1,0
single_saver_single_conn,1,208.77,,,,,1,0,1,0
single_saver_single_conn,1,225.75,,,,,1,0,1,0
single_saver_single_conn,1,241.46,,,,,1,0,1,0
single_saver_single_conn,1,256.72,,,,,1,0,1,0
single_saver_single_conn,1,264.97,,,,,1,0,1,0
single_saver_single_conn,1,281.28,,,,,1,0,1,0
single_saver_single_conn,1,296.5,,,,,1,0,1,0
single_saver_single_conn,1,311.71,,,,,1,0,1,0
single_saver_single_conn,1,326.8,,,,,1,0,1,0
single_saver_single_conn,1,342.02,,,,,1,0,1,0
single_saver_single_conn,1,357.63,,,,,1,0,1,0
single_saver_single_conn,1,372.24,,,,,1,0,1,0
single_saver_single_conn,1,389.06,,,,,1,0,1,0
single_saver_single_conn,1,402.48,,,,,1,0,1,0
single_saver_single_conn,1,418.12,,,,,1,0,1,0
single_saver_single_conn,1,432.92,,,,,1,0,1,0
single_saver_single_conn,1,448.54,,,,,1,0,1,0
single_saver_single_conn,1,463.29,,,,,1,0,1,0
single_saver_single_conn,1,470.65,,,,,1,0,1,0
single_saver_single_conn,1,482.65,,,,,1,0,1,0
single_saver_single_conn,1,497.67,,,,,1,0,1,0
single_saver_single_conn,1,505.68,,,,,1,0,1,0
single_saver_single_conn,1,520.66,,,,,1,0,1,0
single_saver_single_conn,1,528.17,,,,,1,1,0,0
single_saver_single_conn,1,539.0,,,,,1,0,1,0
single_saver_single_conn,1,547.95,,,,,1,0,1,0
single_saver_single_conn,1,561.61,,,,,1,0,1,0
single_saver_single_conn,1,577.71,,,,,1,0,1,0
single_saver_single_conn,1,585.86,,,,,1,0,1,0
single_saver_single_conn,1,601.2,,,,,1,0,1,0
single_saver_single_conn,1,617.25,,,,,1,0,1,0
single_saver_single_conn,1,633.01,,,,,1,0,1,0
single_saver_single_conn,1,640.21,,,,,1,0,1,0
single_saver_single_conn,1,656.08,,,,,1,0,1,0
single_saver_single_conn,1,671.68,,,,,1,0,1,0
single_saver_single_conn,1,687.43,,,,,1,0,1,0
single_saver_single_conn,1,702.33,,,,,1,0,1,0
single_saver_single_conn,1,717.78,,,,,1,0,1,0
single_saver_single_conn,1,733.56,,,,,1,0,1,0
single_saver_single_conn,1,748.46,,,,,1,0,1,0
single_saver_single_conn,1,763.74,,,,,1,0,1,0
single_saver_single_conn,1,778.38,,,,,1,0,1,0
single_saver_single_conn,1,786.72,,,,,1,0,1,0
single_saver_single_conn,1,790.38,,,,,1,0,1,0
single_saver_single_conn,5,0.05,,,,,2,1,1,0
single_saver_single_conn,5,8.1,,,,,2,0,2,0
single_saver_single_conn,5,15.02,,,,,1,1,0,0
single_saver_single_conn,5,22.19,,,,,1,1,0,0
single_saver_single_conn,5,30.41,,,,,1,1,0,0
single_saver_single_conn,5,37.46,,,,,1,1,0,0
single_saver_single_conn,5,45.1,,,,,1,1,0,0
single_saver_single_conn,5,51.98,,,,,1,0,1,0
single_saver_single_conn,5,60.4,,,,,1,0,1,0
single_saver_single_conn,5,67.11,,,,,1,0,1,0
single_saver_single_conn,5,73.9,,,,,1,0,1,0
single_saver_single_conn,5,82.57,,,,,1,0,1,0
single_saver_single_conn,5,89.38,,,,,1,0,1,0
single_saver_single_conn,5,101.34,,,,,1,0,1,0
single_saver_single_conn,5,116.67,,,,,1,0,1,0
single_saver_single_conn,5,124.36,,,,,1,0,1,0
single_saver_single_conn,5,139.5,,,,,1,0,1,0
single_saver_single_conn,5,154.7,,,,,1,0,1,0
single_saver_single_conn,5,169.51,,,,,1,0,1,0
single_saver_single_conn,5,184.9,,,,,1,0,1,0
single_saver_single_conn,5,199.71,,,,,1,0,1,0
single_saver_single_conn,5,215.0,,,,,1,0,1,0
single_saver_single_conn,5,230.85,,,,,1,0,1,0
single_saver_single_conn,5,245.41,,,,,1,0,1,0
single_saver_single_conn,5,252.8,,,,,1,0,1,0
single_saver_single_conn,5,268.27,,,,,1,0,1,0
single_saver_single_conn,5,278.35,,,,,1,0,1,0
single_saver_single_conn,5,285.08,,,,,1,0,1,0
single_saver_single_conn,5,291.24,,,,,1,0,1,0
single_saver_single_conn,5,305.68,,,,,1,0,1,0
single_saver_single_conn,5,321.79,,,,,1,0,1,0
single_saver_single_conn,5,337.68,,,,,1,0,1,0
single_saver_single_conn,5,353.71,,,,,1,0,1,0
single_saver_single_conn,5,370.69,,,,,1,0,1,0
single_saver_single_conn,5,385.1,,,,,1,0,1,0
single_saver_single_conn,5,400.34,,,,,1,0,1,0
single_saver_single_conn,5,415.3,,,,,1,0,1,0
single_saver_single_conn,5,431.03,,,,,1,0,1,0
single_saver_single_conn,5,445.69,,,,,1,0,1,0
single_saver_single_conn,5,461.23,,,,,1,0,1,0
single_saver_single_conn,5,476.06,,,,,1,0,1,0
single_saver_single_conn,5,491.55,,,,,1,0,1,0
single_saver_single_conn,5,506.33,,,,,1,0,1,0
single_saver_single_conn,5,524.67,,,,,1,0,1,0
single_saver_single_conn,5,534.15,,,,,1,0,1,0
single_saver_single_conn,5,540.35,,,,,1,1,0,0
single_saver_single_conn,5,548.68,,,,,1,0,1,0
single_saver_single_conn,5,554.79,,,,,1,0,1,0
single_saver_single_conn,5,563.75,,,,,1,0,1,0
single_saver_single_conn,5,572.86,,,,,1,0,1,0
single_saver_single_conn,5,586.27,,,,,1,0,1,0
single_saver_single_conn,5,598.45,,,,,1,0,1,0
single_saver_single_conn,5,604.6,,,,,1,0,1,0
single_saver_single_conn,5,619.63,,,,,1,0,1,0
single_saver_single_conn,5,633.58,,,,,1,0,1,0
single_saver_single_conn,5,640.69,,,,,1,0,1,0
single_saver_single_conn,5,656.16,,,,,1,0,1,0
single_saver_single_conn,5,669.88,,,,,1,0,1,0
single_saver_single_conn,5,685.34,,,,,1,0,1,0
single_saver_single_conn,5,700.19,,,,,1,0,1,0
single_saver_single_conn,5,715.6,,,,,1,0,1,0
single_saver_single_conn,5,730.42,,,,,1,0,1,0
single_saver_single_conn,5,737.7,,,,,1,0,1,0
single_saver_single_conn,5,753.17,,,,,1,0,1,0
single_saver_single_conn,5,766.95,,,,,1,0,1,0
single_saver_single_conn,5,782.16,,,,,1,0,1,0
single_saver_single_conn,5,791.35,,,,,1,0,1,0
single_saver_single_conn,5,797.82,,,,,1,1,0,0
single_saver_single_conn,5,804.18,,,,,1,1,0,0
single_saver_single_conn,5,810.11,,,,,1,1,0,0
single_saver_single_conn,5,816.15,,,,,1,0,1,0
single_saver_single_conn,5,819.29,,,,,1,0,1,0
single_saver_single_conn,20,0.07,,,,,2,1,1,0
single_saver_single_conn,20,40.85,,,,,1,0,1,0
single_saver_single_conn,20,48.15,,,,,1,0,1,0
single_saver_single_conn,20,55.31,,,,,1,0,1,0
single_saver_single_conn,20,61.7,,,,,1,0,1,0
single_saver_single_conn,20,68.83,,,,,1,1,0,0
single_saver_single_conn,20,76.76,,,,,1,1,0,0
single_saver_single_conn,20,83.53,,,,,1,0,1,0
single_saver_single_conn,20,93.96,,,,,1,0,1,0
single_saver_single_conn,20,102.94,,,,,1,0,1,0
single_saver_single_conn,20,109.62,,,,,1,0,1,0
single_saver_single_conn,20,117.78,,,,,1,0,1,0
single_saver_single_conn,20,125.24,,,,,1,0,1,0
single_saver_single_conn,20,132.98,,,,,1,0,1,0
single_saver_single_conn,20,140.14,,,,,1,0,1,0
single_saver_single_conn,20,146.9,,,,,1,0,1,0
single_saver_single_conn,20,155.06,,,,,1,0,1,0
single_saver_single_conn,20,162.3,,,,,1,0,1,0
single_saver_single_conn,20,169.75,,,,,1,1,0,0
single_saver_single_conn,20,177.29,,,,,1,0,1,0
single_saver_single_conn,20,184.9,,,,,1,0,1,0
single_saver_single_conn,20,192.4,,,,,1,1,0,0
single_saver_single_conn,20,199.95,,,,,1,0,1,0
single_saver_single_conn,20,206.84,,,,,1,0,1,0
single_saver_single_conn,20,213.98,,,,,1,1,0,0
single_saver_single_conn,20,221.38,,,,,1,0,1,0
single_saver_single_conn,20,227.26,,,,,1,1,0,0
single_saver_single_conn,20,233.14,,,,,1,1,0,0
single_saver_single_conn,20,239.32,,,,,1,1,0,0
single_saver_single_conn,20,246.79,,,,,1,0,1,0
single_saver_single_conn,20,252.67,,,,,1,1,0,0
single_saver_single_conn,20,259.9,,,,,1,0,1,0
single_saver_single_conn,20,265.9,,,,,1,1,0,0
single_saver_single_conn,20,272.0,,,,,1,1,0,0
single_saver_single_conn,20,278.5,,,,,1,0,1,0
single_saver_single_conn,20,286.02,,,,,1,0,1,0
single_saver_single_conn,20,304.63,,,,,1,0,1,0
single_saver_single_conn,20,313.04,,,,,1,0,1,0
single_saver_single_conn,20,319.89,,,,,1,1,0,0
single_saver_single_conn,20,326.39,,,,,1,0,1,0
single_saver_single_conn,20,333.17,,,,,1,0,1,0
single_saver_single_conn,20,340.52,,,,,1,1,0,0
single_saver_single_conn,20,347.03,,,,,1,0,1,0
single_saver_single_conn,20,353.21,,,,,1,0,1,0
single_saver_single_conn,20,359.76,,,,,1,1,0,0
single_saver_single_conn,20,366.24,,,,,1,0,1,0
single_saver_single_conn,20,372.88,,,,,1,0,1,0
single_saver_single_conn,20,379.2,,,,,1,0,1,0
single_saver_single_conn,20,385.97,,,,,1,0,1,0
single_saver_single_conn,20,392.14,,,,,1,0,1,0
single_saver_single_conn,20,398.54,,,,,1,0,1,0
single_saver_single_conn,20,408.79,,,,,1,0,1,0
single_saver_single_conn,20,424.13,,,,,1,0,1,0
single_saver_single_conn,20,439.01,,,,,1,0,1,0
single_saver_single_conn,20,446.41,,,,,1,0,1,0
single_saver_single_conn,20,462.03,,,,,1,0,1,0
single_saver_single_conn,20,470.73,,,,,1,0,1,0
single_saver_single_conn,20,487.21,,,,,1,0,1,0
single_saver_single_conn,20,505.71,,,,,1,0,1,0
single_saver_single_conn,20,520.94,,,,,1,0,1,0
single_saver_single_conn,20,536.2,,,,,1,0,1,0
single_saver_single_conn,20,551.65,,,,,1,0,1,0
single_saver_single_conn,20,567.7,,,,,1,0,1,0
single_saver_single_conn,20,578.81,,,,,1,0,1,0
single_saver_single_conn,20,585.02,,,,,1,0,1,0
single_saver_single_conn,20,592.49,,,,,1,0,1,0
single_saver_single_conn,20,599.26,,,,,1,0,1,0
single_saver_single_conn,20,606.13,,,,,1,0,1,0
single_saver_single_conn,20,612.22,,,,,1,1,0,0
single_saver_single_conn,20,618.24,,,,,1,1,0,0
single_saver_single_conn,20,624.48,,,,,1,0,1,0
single_saver_single_conn,20,631.63,,,,,1,1,0,0
single_saver_single_conn,20,637.9,,,,,1,1,0,0
single_saver_single_conn,20,644.41,,,,,1,0,1,0
single_saver_single_conn,20,651.03,,,,,1,0,1,0
single_saver_single_conn,20,657.31,,,,,1,1,0,0
single_saver_single_conn,20,663.51,,,,,1,0,1,0
single_saver_single_conn,20,678.7,,,,,1,0,1,0
single_saver_single_conn,20,693.89,,,,,1,0,1,0
single_saver_single_conn,20,709.1,,,,,1,0,1,0
single_saver_single_conn,20,724.0,,,,,1,0,1,0
single_saver_single_conn,20,731.46,,,,,1,0,1,0
single_saver_single_conn,20,746.62,,,,,1,0,1,0
single_saver_single_conn,20,760.42,,,,,1,0,1,0
single_saver_single_conn,20,776.06,,,,,1,0,1,0
single_saver_single_conn,20,790.8,,,,,1,0,1,0
single_saver_single_conn,20,806.29,,,,,1,0,1,0
single_saver_single_conn,20,820.87,,,,,1,0,1,0
single_saver_single_conn,20,834.36,,,,,1,0,1,0
single_saver_single_conn,20,844.96,,,,,1,0,1,0
single_saver_single_conn,20,851.58,,,,,1,0,1,0
single_saver_single_conn,20,858.81,,,,,1,1,0,0
single_saver_single_conn,20,865.29,,,,,1,0,1,0
single_saver_single_conn,20,871.71,,,,,1,0,1,0
single_saver_single_conn,20,878.01,,,,,1,0,1,0
single_saver_single_conn,20,884.89,,,,,1,0,1,0
single_saver_single_conn,20,890.93,,,,,1,0,1,0
single_saver_single_conn,20,897.54,,,,,1,0,1,0
single_saver_single_conn,20,903.75,,,,,1,0,1,0
single_saver_single_conn,20,910.25,,,,,1,0,1,0
single_saver_single_conn,20,917.21,,,,,1,0,1,0
single_saver_single_conn,20,924.05,,,,,1,0,1,0
single_saver_single_conn,20,928.81,,,,,1,0,1,0
single_saver_single_conn,50,0.13,,,,,2,1,1,0
single_saver_single_conn,50,12.61,,,,,2,0,2,0
single_saver_single_conn,50,20.37,,,,,2,0,2,0
single_saver_single_conn,50,27.86,,,,,2,0,2,0
single_saver_single_conn,50,35.35,,,,,2,0,2,0
single_saver_single_conn,50,42.44,,,,,2,1,1,0
single_saver_single_conn,50,49.79,,,,,2,0,2,0
single_saver_single_conn,50,57.03,,,,,2,0,2,0
single_saver_single_conn,50,63.47,,,,,2,1,1,0
single_saver_single_conn,50,70.68,,,,,2,1,1,0
single_saver_single_conn,50,76.99,,,,,2,0,2,0
single_saver_single_conn,50,83.57,,,,,2,0,2,0
single_saver_single_conn,50,90.28,,,,,2,1,1,0
single_saver_single_conn,50,96.97,,,,,2,0,2,0
single_saver_single_conn,50,104.02,,,,,2,0,2,0
single_saver_single_conn,50,110.84,,,,,2,0,2,0
single_saver_single_conn,50,119.83,,,,,2,0,2,0
single_saver_single_conn,50,126.55,,,,,2,0,2,0
single_saver_single_conn,50,137.3,,,,,2,0,2,0
single_saver_single_conn,50,144.89,,,,,2,1,1,0
single_saver_single_conn,50,151.94,,,,,2,0,2,0
single_saver_single_conn,50,158.98,,,,,2,0,2,0
single_saver_single_conn,50,167.02,,,,,2,0,2,0
single_saver_single_conn,50,174.29,,,,,2,0,2,0
single_saver_single_conn,50,181.41,,,,,2,0,2,0
single_saver_single_conn,50,188.27,,,,,2,0,2,0
single_saver_single_conn,50,195.22,,,,,2,0,2,0
single_saver_single_conn,50,202.32,,,,,2,0,2,0
single_saver_single_conn,50,210.11,,,,,2,0,2,0
single_saver_single_conn,50,217.47,,,,,2,1,1,0
single_saver_single_conn,50,225.31,,,,,2,0,2,0
single_saver_single_conn,50,232.55,,,,,2,0,2,0
single_saver_single_conn,50,239.96,,,,,2,0,2,0
single_saver_single_conn,50,246.56,,,,,2,0,2,0
single_saver_single_conn,50,253.83,,,,,2,0,2,0
single_saver_single_conn,50,259.96,,,,,2,0,2,0
single_saver_single_conn,50,267.62,,,,,2,0,2,0
single_saver_single_conn,50,275.11,,,,,2,0,2,0
single_saver_single_conn,50,282.93,,,,,2,0,2,0
single_saver_single_conn,50,289.24,,,,,2,1,1,0
single_saver_single_conn,50,295.19,,,,,2,0,2,0
single_saver_single_conn,50,302.24,,,,,2,0,2,0
single_saver_single_conn,50,309.8,,,,,2,0,2,0
single_saver_single_conn,50,316.93,,,,,2,0,2,0
single_saver_single_conn,50,324.88,,,,,2,0,2,0
single_saver_single_conn,50,330.87,,,,,2,1,1,0
single_saver_single_conn,50,336.93,,,,,2,1,1,0
single_saver_single_conn,50,343.23,,,,,2,0,2,0
single_saver_single_conn,50,349.93,,,,,2,0,2,0
single_saver_single_conn,50,356.83,,,,,2,0,2,0
single_saver_single_conn,50,363.08,,,,,2,1,1,0
single_saver_single_conn,50,369.14,,,,,2,0,2,0
single_saver_single_conn,50,376.4,,,,,2,0,2,0
single_saver_single_conn,50,383.45,,,,,2,0,2,0
single_saver_single_conn,50,389.63,,,,,2,1,1,0
single_saver_single_conn,50,395.75,,,,,2,1,1,0
single_saver_single_conn,50,401.7,,,,,2,1,1,0
single_saver_single_conn,50,407.58,,,,,2,1,1,0
single_saver_single_conn,50,414.28,,,,,2,0,2,0
single_saver_single_conn,50,420.41,,,,,2,0,2,0
single_saver_single_conn,50,426.89,,,,,2,0,2,0
single_saver_single_conn,50,433.15,,,,,2,1,1,0
single_saver_single_conn,50,439.18,,,,,2,1,1,0
single_saver_single_conn,50,445.23,,,,,2,1,1,0
single_saver_single_conn,50,453.22,,,,,2,0,2,0
single_saver_single_conn,50,459.22,,,,,2,1,1,0
single_saver_single_conn,50,465.12,,,,,2,1,1,0
single_saver_single_conn,50,472.67,,,,,2,0,2,0
single_saver_single_conn,50,478.54,,,,,2,1,1,0
single_saver_single_conn,50,484.58,,,,,2,1,1,0
single_saver_single_conn,50,491.86,,,,,2,0,2,0
single_saver_single_conn,50,498.2,,,,,2,1,1,0
single_saver_single_conn,50,505.41,,,,,2,0,2,0
single_saver_single_conn,50,511.69,,,,,2,0,2,0
single_saver_single_conn,50,518.17,,,,,2,0,2,0
single_saver_single_conn,50,524.39,,,,,2,0,2,0
single_saver_single_conn,50,530.41,,,,,2,0,2,0
single_saver_single_conn,50,536.47,,,,,2,1,1,0
single_saver_single_conn,50,543.3,,,,,2,0,2,0
single_saver_single_conn,50,549.99,,,,,2,1,1,0
single_saver_single_conn,50,556.51,,,,,2,0,2,0
single_saver_single_conn,50,562.88,,,,,2,1,1,0
single_saver_single_conn,50,569.35,,,,,2,0,2,0
single_saver_single_conn,50,575.94,,,,,2,0,2,0
single_saver_single_conn,50,582.09,,,,,2,1,1,0
single_saver_single_conn,50,588.87,,,,,2,0,2,0
single_saver_single_conn,50,594.91,,,,,2,0,2,0
single_saver_single_conn,50,602.43,,,,,2,0,2,0
single_saver_single_conn,50,608.73,,,,,2,1,1,0
single_saver_single_conn,50,615.59,,,,,2,0,2,0
single_saver_single_conn,50,622.98,,,,,2,0,2,0
single_saver_single_conn,50,629.33,,,,,2,1,1,0
single_saver_single_conn,50,636.47,,,,,2,0,2,0
single_saver_single_conn,50,642.68,,,,,2,0,2,0
single_saver_single_conn,50,649.79,,,,,2,1,1,0
single_saver_single_conn,50,656.94,,,,,2,0,2,0
single_saver_single_conn,50,664.21,,,,,2,0,2,0
single_saver_single_conn,50,671.01,,,,,2,0,2,0
single_saver_single_conn,50,678.22,,,,,2,0,2,0
single_saver_single_conn,50,684.99,,,,,2,1,1,0
single_saver_single_conn,50,691.07,,,,,2,0,2,0
single_saver_single_conn,50,698.64,,,,,2,0,2,0
single_saver_single_conn,50,704.67,,,,,2,1,1,0
single_saver_single_conn,50,712.28,,,,,2,0,2,0
single_saver_single_conn,50,718.47,,,,,2,0,2,0
single_saver_single_conn,50,725.94,,,,,2,0,2,0
single_saver_single_conn,50,732.05,,,,,2,1,1,0
single_saver_single_conn,50,738.79,,,,,2,0,2,0
single_saver_single_conn,50,745.16,,,,,2,0,2,0
single_saver_single_conn,50,752.01,,,,,2,0,2,0
single_saver_single_conn,50,758.21,,,,,2,0,2,0
single_saver_single_conn,50,764.24,,,,,2,1,1,0
single_saver_single_conn,50,770.55,,,,,2,0,2,0
single_saver_single_conn,50,776.9,,,,,2,1,1,0
single_saver_single_conn,50,782.89,,,,,2,1,1,0
single_saver_single_conn,50,789.17,,,,,2,0,2,0
single_saver_single_conn,50,796.56,,,,,2,0,2,0
single_saver_single_conn,50,804.11,,,,,2,0,2,0
single_saver_single_conn,50,810.93,,,,,2,0,2,0
single_saver_single_conn,50,816.93,,,,,2,1,1,0
single_saver_single_conn,50,823.25,,,,,2,0,2,0
single_saver_single_conn,50,830.64,,,,,2,0,2,0
single_saver_single_conn,50,837.44,,,,,2,0,2,0
single_saver_single_conn,50,844.96,,,,,2,0,2,0
single_saver_single_conn,50,852.75,,,,,2,0,2,0
single_saver_single_conn,50,859.22,,,,,2,1,1,0
single_saver_single_conn,50,867.0,,,,,2,0,2,0
single_saver_single_conn,50,874.95,,,,,2,0,2,0
single_saver_single_conn,50,881.57,,,,,2,1,1,0
single_saver_single_conn,50,888.01,,,,,2,0,2,0
single_saver_single_conn,50,894.98,,,,,2,0,2,0
single_saver_single_conn,50,901.74,,,,,2,0,2,0
single_saver_single_conn,50,908.75,,,,,2,0,2,0
single_saver_single_conn,50,914.69,,,,,2,0,2,0
single_saver_single_conn,50,921.67,,,,,2,0,2,0
single_saver_single_conn,50,928.31,,,,,2,1,1,0
single_saver_single_conn,50,935.49,,,,,2,0,2,0
single_saver_single_conn,50,942.68,,,,,2,0,2,0
single_saver_single_conn,50,949.15,,,,,2,0,2,0
single_saver_single_conn,50,956.03,,,,,2,0,2,0
single_saver_single_conn,50,962.07,,,,,2,0,2,0
single_saver_single_conn,50,969.28,,,,,2,0,2,0
single_saver_single_conn,50,976.19,,,,,2,0,2,0
single_saver_single_conn,50,982.7,,,,,2,0,2,0
single_saver_single_conn,50,989.77,,,,,2,0,2,0
single_saver_single_conn,50,996.06,,,,,2,0,2,0
single_saver_single_conn,50,1002.56,,,,,2,0,2,0
single_saver_single_conn,50,1009.1,,,,,2,0,2,0
single_saver_single_conn,50,1015.47,,,,,2,0,2,0
single_saver_single_conn,50,1022.26,,,,,2,0,2,0
single_saver_single_conn,50,1028.23,,,,,2,0,2,0
single_saver_single_conn,50,1034.45,,,,,2,0,2,0
single_saver_single_conn,50,1040.85,,,,,2,0,2,0
single_saver_single_conn,50,1047.53,,,,,2,1,1,0
single_saver_single_conn,50,1053.59,,,,,2,0,2,0
single_saver_single_conn,50,1059.58,,,,,2,0,2,0
single_saver_single_conn,50,1065.86,,,,,2,0,2,0
single_saver_single_conn,50,1071.97,,,,,2,0,2,0
single_saver_single_conn,50,1078.37,,,,,2,0,2,0
single_saver_single_conn,50,1084.42,,,,,2,0,2,0
single_saver_single_conn,50,1090.85,,,,,2,0,2,0
single_saver_single_conn,50,1096.93,,,,,2,0,2,0
single_saver_single_conn,50,1103.41,,,,,2,0,2,0
single_saver_single_conn,50,1109.4,,,,,2,0,2,0
single_saver_single_conn,50,1115.59,,,,,2,0,2,0
single_saver_single_conn,50,1121.89,,,,,2,1,1,0
single_saver_single_conn,50,1127.93,,,,,2,1,1,0
single_saver_single_conn,50,1134.09,,,,,2,1,1,0
single_saver_single_conn,50,1140.39,,,,,2,0,2,0
single_saver_single_conn,50,1146.8,,,,,2,1,1,0
single_saver_single_conn,50,1153.9,,,,,2,0,2,0
single_saver_single_conn,50,1160.29,,,,,2,0,2,0
single_saver_single_conn,50,1167.26,,,,,2,0,2,0
single_saver_single_conn,50,1174.21,,,,,2,0,2,0
single_saver_single_conn,50,1180.94,,,,,2,0,2,0
single_saver_single_conn,50,1187.7,,,,,2,0,2,0
single_saver_single_conn,50,1193.92,,,,,2,0,2,0
single_saver_single_conn,50,1200.25,,,,,2,0,2,0
single_saver_single_conn,50,1206.86,,,,,2,0,2,0
single_saver_single_conn,50,1213.41,,,,,2,0,2,0
single_saver_single_conn,50,1220.04,,,,,2,0,2,0
single_saver_single_conn,50,1226.46,,,,,2,0,2,0
single_saver_single_conn,50,1233.73,,,,,2,0,2,0
single_saver_single_conn,50,1240.65,,,,,2,0,2,0
single_saver_single_conn,50,1247.52,,,,,2,0,2,0
single_saver_single_conn,50,1253.77,,,,,2,0,2,0
single_saver_single_conn,50,1260.36,,,,,2,0,2,0
single_saver_single_conn,50,1266.83,,,,,2,0,2,0
single_saver_single_conn,50,1273.57,,,,,2,0,2,0
single_saver_single_conn,50,1279.95,,,,,2,0,2,0
single_saver_single_conn,50,1286.89,,,,,2,0,2,0
single_saver_single_conn,50,1293.73,,,,,2,0,2,0
single_saver_single_conn,50,1300.64,,,,,2,0,2,0
single_saver_single_conn,50,1303.18,,,,,2,0,2,0
per_run_own_conn,1,0.04,,,,,2,0,2,0
per_run_own_conn,1,9.07,,,,,2,0,2,0
per_run_own_conn,1,17.41,,,,,3,0,3,0
per_run_own_conn,1,26.92,,,,,3,1,2,0
per_run_own_conn,1,34.35,,,,,3,0,3,0
per_run_own_conn,1,49.15,,,,,3,0,3,0
per_run_own_conn,1,64.73,,,,,3,0,3,0
per_run_own_conn,1,79.41,,,,,3,0,3,0
per_run_own_conn,1,95.1,,,,,3,0,3,0
per_run_own_conn,1,109.73,,,,,3,0,3,0
per_run_own_conn,1,125.22,,,,,3,0,3,0
per_run_own_conn,1,140.13,,,,,3,0,3,0
per_run_own_conn,1,155.33,,,,,3,0,3,0
per_run_own_conn,1,170.51,,,,,3,0,3,0
per_run_own_conn,1,177.7,,,,,3,0,3,0
per_run_own_conn,1,193.6,,,,,3,0,3,0
per_run_own_conn,1,206.77,,,,,3,0,3,0
per_run_own_conn,1,218.98,,,,,3,0,3,0
per_run_own_conn,1,235.99,,,,,3,0,3,0
per_run_own_conn,1,244.28,,,,,3,0,3,0
per_run_own_conn,1,256.57,,,,,3,0,3,0
per_run_own_conn,1,272.01,,,,,3,0,3,0
per_run_own_conn,1,280.45,,,,,3,0,3,0
per_run_own_conn,1,286.97,,,,,3,0,3,0
per_run_own_conn,1,297.61,,,,,3,0,3,0
per_run_own_conn,1,313.11,,,,,3,0,3,0
per_run_own_conn,1,328.21,,,,,3,0,3,0
per_run_own_conn,1,339.83,,,,,3,0,3,0
per_run_own_conn,1,356.28,,,,,3,0,3,0
per_run_own_conn,1,370.47,,,,,3,0,3,0
per_run_own_conn,1,385.92,,,,,3,0,3,0
per_run_own_conn,1,400.69,,,,,3,0,3,0
per_run_own_conn,1,416.03,,,,,3,0,3,0
per_run_own_conn,1,431.03,,,,,3,0,3,0
per_run_own_conn,1,446.58,,,,,3,0,3,0
per_run_own_conn,1,461.53,,,,,3,0,3,0
per_run_own_conn,1,477.23,,,,,3,0,3,0
per_run_own_conn,1,491.42,,,,,3,0,3,0
per_run_own_conn,1,507.05,,,,,3,0,3,0
per_run_own_conn,1,522.04,,,,,3,0,3,0
per_run_own_conn,1,531.68,,,,,3,0,3,0
per_run_own_conn,1,546.17,,,,,3,0,3,0
per_run_own_conn,1,561.8,,,,,3,0,3,0
per_run_own_conn,1,571.64,,,,,3,0,3,0
per_run_own_conn,1,586.85,,,,,3,0,3,0
per_run_own_conn,1,600.85,,,,,3,0,3,0
per_run_own_conn,1,614.15,,,,,3,0,3,0
per_run_own_conn,1,629.45,,,,,3,0,3,0
per_run_own_conn,1,643.26,,,,,3,0,3,0
per_run_own_conn,1,650.27,,,,,3,0,3,0
per_run_own_conn,1,666.11,,,,,3,0,3,0
per_run_own_conn,1,679.64,,,,,3,0,3,0
per_run_own_conn,1,694.64,,,,,3,0,3,0
per_run_own_conn,1,709.89,,,,,3,0,3,0
per_run_own_conn,1,725.24,,,,,3,0,3,0
per_run_own_conn,1,740.03,,,,,3,0,3,0
per_run_own_conn,1,755.26,,,,,3,0,3,0
per_run_own_conn,1,770.53,,,,,3,0,3,0
per_run_own_conn,1,785.78,,,,,3,0,3,0
per_run_own_conn,1,793.28,,,,,3,0,3,0
per_run_own_conn,1,796.47,,,,,3,0,3,0
per_run_own_conn,5,0.06,,,,,2,0,2,0
per_run_own_conn,5,47.97,,,,,6,0,6,0
per_run_own_conn,5,73.41,,,,,7,3,4,0
per_run_own_conn,5,81.28,,,,,7,5,2,0
per_run_own_conn,5,88.51,,,,,7,5,2,0
per_run_own_conn,5,95.28,,,,,7,4,3,0
per_run_own_conn,5,104.41,,,,,7,0,7,0
per_run_own_conn,5,119.78,,,,,7,0,7,0
per_run_own_conn,5,133.64,,,,,7,0,7,0
per_run_own_conn,5,148.95,,,,,7,0,7,0
per_run_own_conn,5,164.79,,,,,7,0,7,0
per_run_own_conn,5,180.23,,,,,7,0,7,0
per_run_own_conn,5,194.1,,,,,7,0,7,0
per_run_own_conn,5,205.88,,,,,7,0,7,0
per_run_own_conn,5,218.01,,,,,7,0,7,0
per_run_own_conn,5,233.64,,,,,7,0,7,0
per_run_own_conn,5,248.46,,,,,7,0,7,0
per_run_own_conn,5,263.91,,,,,7,0,7,0
per_run_own_conn,5,278.71,,,,,7,0,7,0
per_run_own_conn,5,294.71,,,,,7,0,7,0
per_run_own_conn,5,308.76,,,,,7,0,7,0
per_run_own_conn,5,321.28,,,,,7,0,7,0
per_run_own_conn,5,331.79,,,,,7,4,3,0
per_run_own_conn,5,339.14,,,,,7,0,7,0
per_run_own_conn,5,348.51,,,,,7,0,7,0
per_run_own_conn,5,357.69,,,,,7,0,7,0
per_run_own_conn,5,372.46,,,,,7,0,7,0
per_run_own_conn,5,387.57,,,,,7,0,7,0
per_run_own_conn,5,401.17,,,,,7,0,7,0
per_run_own_conn,5,416.22,,,,,7,0,7,0
per_run_own_conn,5,432.06,,,,,7,0,7,0
per_run_own_conn,5,448.03,,,,,7,0,7,0
per_run_own_conn,5,463.32,,,,,7,0,7,0
per_run_own_conn,5,478.63,,,,,7,0,7,0
per_run_own_conn,5,494.42,,,,,7,0,7,0
per_run_own_conn,5,510.81,,,,,7,0,7,0
per_run_own_conn,5,525.85,,,,,7,0,7,0
per_run_own_conn,5,541.4,,,,,7,0,7,0
per_run_own_conn,5,551.48,,,,,7,0,7,0
per_run_own_conn,5,563.16,,,,,7,0,7,0
per_run_own_conn,5,579.29,,,,,7,0,7,0
per_run_own_conn,5,587.89,,,,,7,5,2,0
per_run_own_conn,5,594.79,,,,,7,3,4,0
per_run_own_conn,5,603.16,,,,,7,0,7,0
per_run_own_conn,5,612.21,,,,,7,0,7,0
per_run_own_conn,5,627.61,,,,,7,0,7,0
per_run_own_conn,5,642.3,,,,,7,0,7,0
per_run_own_conn,5,657.87,,,,,7,0,7,0
per_run_own_conn,5,672.6,,,,,7,0,7,0
per_run_own_conn,5,688.14,,,,,7,0,7,0
per_run_own_conn,5,703.72,,,,,7,0,7,0
per_run_own_conn,5,719.7,,,,,7,0,7,0
per_run_own_conn,5,733.3,,,,,7,0,7,0
per_run_own_conn,5,750.1,,,,,7,0,7,0
per_run_own_conn,5,763.74,,,,,7,0,7,0
per_run_own_conn,5,777.88,,,,,7,0,7,0
per_run_own_conn,5,793.48,,,,,7,0,7,0
per_run_own_conn,5,809.08,,,,,7,0,7,0
per_run_own_conn,5,824.02,,,,,7,0,7,0
per_run_own_conn,5,840.03,,,,,7,0,7,0
per_run_own_conn,5,849.84,,,,,7,4,3,0
per_run_own_conn,5,856.76,,,,,7,0,7,0
per_run_own_conn,5,857.64,,,,,7,0,7,0
per_run_own_conn,20,0.09,,,,,2,0,2,0
per_run_own_conn,20,75.31,,,,,2,0,2,0
per_run_own_conn,20,181.84,,,,,19,0,19,0
per_run_own_conn,20,261.51,,,,,22,0,22,0
per_run_own_conn,20,275.47,,,,,22,20,2,0
per_run_own_conn,20,283.01,,,,,22,19,3,0
per_run_own_conn,20,293.79,,,,,22,20,2,0
per_run_own_conn,20,301.86,,,,,22,19,3,0
per_run_own_conn,20,311.49,,,,,22,0,22,0
per_run_own_conn,20,319.25,,,,,22,18,4,0
per_run_own_conn,20,339.17,,,,,22,0,22,0
per_run_own_conn,20,347.51,,,,,22,0,22,0
per_run_own_conn,20,362.74,,,,,22,0,22,0
per_run_own_conn,20,378.12,,,,,22,0,22,0
per_run_own_conn,20,394.04,,,,,22,0,22,0
per_run_own_conn,20,409.59,,,,,22,0,22,0
per_run_own_conn,20,418.29,,,,,22,0,22,0
per_run_own_conn,20,430.63,,,,,22,0,22,0
per_run_own_conn,20,444.07,,,,,22,0,22,0
per_run_own_conn,20,459.99,,,,,22,0,22,0
per_run_own_conn,20,478.31,,,,,22,0,22,0
per_run_own_conn,20,495.51,,,,,22,0,22,0
per_run_own_conn,20,504.89,,,,,22,0,22,0
per_run_own_conn,20,512.54,,,,,22,9,13,0
per_run_own_conn,20,523.15,,,,,22,6,16,0
per_run_own_conn,20,529.53,,,,,22,1,21,0
per_run_own_conn,20,539.65,,,,,22,0,22,0
per_run_own_conn,20,554.82,,,,,22,0,22,0
per_run_own_conn,20,565.33,,,,,22,0,22,0
per_run_own_conn,20,576.19,,,,,22,0,22,0
per_run_own_conn,20,583.51,,,,,22,0,22,0
per_run_own_conn,20,599.39,,,,,22,0,22,0
per_run_own_conn,20,615.34,,,,,22,0,22,0
per_run_own_conn,20,624.66,,,,,22,0,22,0
per_run_own_conn,20,640.27,,,,,22,0,22,0
per_run_own_conn,20,654.96,,,,,22,0,22,0
per_run_own_conn,20,668.2,,,,,22,0,22,0
per_run_own_conn,20,683.67,,,,,22,0,22,0
per_run_own_conn,20,697.54,,,,,22,0,22,0
per_run_own_conn,20,712.92,,,,,22,0,22,0
per_run_own_conn,20,727.76,,,,,22,0,22,0
per_run_own_conn,20,735.33,,,,,22,0,22,0
per_run_own_conn,20,752.16,,,,,22,0,22,0
per_run_own_conn,20,760.94,,,,,22,0,22,0
per_run_own_conn,20,771.26,,,,,22,0,22,0
per_run_own_conn,20,780.91,,,,,22,8,14,0
per_run_own_conn,20,788.01,,,,,22,4,18,0
per_run_own_conn,20,803.76,,,,,22,0,22,0
per_run_own_conn,20,818.3,,,,,22,0,22,0
per_run_own_conn,20,831.93,,,,,22,0,22,0
per_run_own_conn,20,847.23,,,,,22,0,22,0
per_run_own_conn,20,854.85,,,,,22,0,22,0
per_run_own_conn,20,866.94,,,,,22,0,22,0
per_run_own_conn,20,882.51,,,,,22,0,22,0
per_run_own_conn,20,892.66,,,,,22,0,22,0
per_run_own_conn,20,903.21,,,,,22,0,22,0
per_run_own_conn,20,919.04,,,,,22,0,22,0
per_run_own_conn,20,933.82,,,,,22,0,22,0
per_run_own_conn,20,949.28,,,,,22,0,22,0
per_run_own_conn,20,959.07,,,,,22,0,22,0
per_run_own_conn,20,970.16,,,,,22,0,22,0
per_run_own_conn,20,985.95,,,,,22,0,22,0
per_run_own_conn,20,1000.69,,,,,22,0,22,0
per_run_own_conn,20,1007.67,,,,,22,0,22,0
per_run_own_conn,20,1015.65,,,,,22,0,22,0
per_run_own_conn,20,1027.62,,,,,22,0,22,0
per_run_own_conn,20,1036.14,,,,,22,2,20,0
per_run_own_conn,20,1043.32,,,,,22,2,20,0
per_run_own_conn,20,1045.14,,,,,22,0,22,0
per_run_own_conn,50,0.14,,,,,2,0,2,0
per_run_own_conn,50,305.37,,,,,2,0,2,0
per_run_own_conn,50,631.49,,,,,46,0,46,0
per_run_own_conn,50,779.55,,,,,52,1,51,0
per_run_own_conn,50,808.26,,,,,52,43,9,0
per_run_own_conn,50,825.65,,,,,52,2,50,0
per_run_own_conn,50,842.27,,,,,52,50,2,0
per_run_own_conn,50,855.58,,,,,52,50,2,0
per_run_own_conn,50,867.31,,,,,52,50,2,0
per_run_own_conn,50,879.81,,,,,52,50,2,0
per_run_own_conn,50,894.3,,,,,52,2,50,0
per_run_own_conn,50,906.93,,,,,52,48,4,0
per_run_own_conn,50,919.5,,,,,52,16,36,0
per_run_own_conn,50,933.33,,,,,52,0,52,0
per_run_own_conn,50,948.88,,,,,52,0,52,0
per_run_own_conn,50,963.66,,,,,52,0,52,0
per_run_own_conn,50,977.22,,,,,52,0,52,0
per_run_own_conn,50,987.89,,,,,52,0,52,0
per_run_own_conn,50,1000.17,,,,,52,0,52,0
per_run_own_conn,50,1015.83,,,,,52,0,52,0
per_run_own_conn,50,1036.28,,,,,52,0,52,0
per_run_own_conn,50,1049.59,,,,,52,0,52,0
per_run_own_conn,50,1068.41,,,,,52,28,24,0
per_run_own_conn,50,1081.75,,,,,52,6,46,0
per_run_own_conn,50,1088.94,,,,,52,1,51,0
per_run_own_conn,50,1096.94,,,,,52,0,52,0
per_run_own_conn,50,1112.84,,,,,52,0,52,0
per_run_own_conn,50,1127.5,,,,,52,0,52,0
per_run_own_conn,50,1142.85,,,,,52,0,52,0
per_run_own_conn,50,1157.74,,,,,52,0,52,0
per_run_own_conn,50,1173.17,,,,,52,0,52,0
per_run_own_conn,50,1188.15,,,,,52,0,52,0
per_run_own_conn,50,1203.95,,,,,52,0,52,0
per_run_own_conn,50,1219.67,,,,,52,0,52,0
per_run_own_conn,50,1235.01,,,,,52,0,52,0
per_run_own_conn,50,1243.96,,,,,52,0,52,0
per_run_own_conn,50,1259.68,,,,,52,0,52,0
per_run_own_conn,50,1272.74,,,,,52,0,52,0
per_run_own_conn,50,1288.52,,,,,52,0,52,0
per_run_own_conn,50,1314.73,,,,,52,0,52,0
per_run_own_conn,50,1334.5,,,,,52,38,14,0
per_run_own_conn,50,1348.4,,,,,52,14,38,0
per_run_own_conn,50,1360.24,,,,,52,0,52,0
per_run_own_conn,50,1369.66,,,,,52,0,52,0
per_run_own_conn,50,1385.32,,,,,52,0,52,0
per_run_own_conn,50,1400.13,,,,,52,0,52,0
per_run_own_conn,50,1415.52,,,,,52,0,52,0
per_run_own_conn,50,1430.36,,,,,52,0,52,0
per_run_own_conn,50,1447.28,,,,,52,0,52,0
per_run_own_conn,50,1464.85,,,,,52,0,52,0
per_run_own_conn,50,1478.89,,,,,52,0,52,0
per_run_own_conn,50,1486.61,,,,,52,0,52,0
per_run_own_conn,50,1502.13,,,,,52,0,52,0
per_run_own_conn,50,1515.35,,,,,52,0,52,0
per_run_own_conn,50,1532.52,,,,,52,0,52,0
per_run_own_conn,50,1545.45,,,,,52,0,52,0
per_run_own_conn,50,1561.77,,,,,52,0,52,0
per_run_own_conn,50,1583.72,,,,,52,27,25,0
per_run_own_conn,50,1601.78,,,,,52,10,42,0
per_run_own_conn,50,1616.04,,,,,52,5,47,0
per_run_own_conn,50,1625.09,,,,,52,2,50,0
per_run_own_conn,50,1627.47,,,,,52,0,52,0
per_run_shared_pool,1,0.05,0,4,4,0,6,0,6,0
per_run_shared_pool,1,13.59,1,4,3,0,6,1,5,0
per_run_shared_pool,1,20.43,1,4,3,0,6,1,5,0
per_run_shared_pool,1,27.38,0,4,4,0,6,0,6,0
per_run_shared_pool,1,37.66,0,4,4,0,6,0,6,0
per_run_shared_pool,1,53.38,0,4,4,0,6,0,6,0
per_run_shared_pool,1,69.33,0,4,4,0,6,0,6,0
per_run_shared_pool,1,84.96,0,4,4,0,6,0,6,0
per_run_shared_pool,1,101.72,0,4,4,0,6,0,6,0
per_run_shared_pool,1,116.59,0,4,4,0,6,0,6,0
per_run_shared_pool,1,132.23,0,4,4,0,6,0,6,0
per_run_shared_pool,1,146.99,0,4,4,0,6,0,6,0
per_run_shared_pool,1,163.45,0,4,4,0,6,0,6,0
per_run_shared_pool,1,177.18,0,4,4,0,6,0,6,0
per_run_shared_pool,1,194.47,0,4,4,0,6,0,6,0
per_run_shared_pool,1,212.85,0,4,4,0,6,0,6,0
per_run_shared_pool,1,225.68,0,4,4,0,6,0,6,0
per_run_shared_pool,1,241.36,0,4,4,0,6,0,6,0
per_run_shared_pool,1,255.94,0,4,4,0,6,0,6,0
per_run_shared_pool,1,270.89,0,4,4,0,6,0,6,0
per_run_shared_pool,1,279.38,0,4,4,0,6,0,6,0
per_run_shared_pool,1,286.43,0,4,4,0,6,0,6,0
per_run_shared_pool,1,298.01,0,4,4,0,6,0,6,0
per_run_shared_pool,1,311.83,0,4,4,0,6,0,6,0
per_run_shared_pool,1,327.35,0,4,4,0,6,0,6,0
per_run_shared_pool,1,342.39,0,4,4,0,6,0,6,0
per_run_shared_pool,1,357.79,0,4,4,0,6,0,6,0
per_run_shared_pool,1,371.1,0,4,4,0,6,0,6,0
per_run_shared_pool,1,386.93,0,4,4,0,6,0,6,0
per_run_shared_pool,1,401.38,0,4,4,0,6,0,6,0
per_run_shared_pool,1,417.03,0,4,4,0,6,0,6,0
per_run_shared_pool,1,431.71,0,4,4,0,6,0,6,0
per_run_shared_pool,1,448.14,0,4,4,0,6,0,6,0
per_run_shared_pool,1,462.2,0,4,4,0,6,0,6,0
per_run_shared_pool,1,477.8,0,4,4,0,6,0,6,0
per_run_shared_pool,1,492.48,0,4,4,0,6,0,6,0
per_run_shared_pool,1,508.0,0,4,4,0,6,0,6,0
per_run_shared_pool,1,522.88,0,4,4,0,6,0,6,0
per_run_shared_pool,1,531.01,0,4,4,0,6,0,6,0
per_run_shared_pool,1,540.35,0,4,4,0,6,0,6,0
per_run_shared_pool,1,556.28,0,4,4,0,6,0,6,0
per_run_shared_pool,1,571.08,0,4,4,0,6,0,6,0
per_run_shared_pool,1,586.75,0,4,4,0,6,0,6,0
per_run_shared_pool,1,601.65,0,4,4,0,6,0,6,0
per_run_shared_pool,1,616.88,0,4,4,0,6,0,6,0
per_run_shared_pool,1,631.59,0,4,4,0,6,0,6,0
per_run_shared_pool,1,647.5,0,4,4,0,6,0,6,0
per_run_shared_pool,1,662.36,0,4,4,0,6,0,6,0
per_run_shared_pool,1,669.81,0,4,4,0,6,0,6,0
per_run_shared_pool,1,685.13,0,4,4,0,6,0,6,0
per_run_shared_pool,1,700.72,0,4,4,0,6,0,6,0
per_run_shared_pool,1,716.57,0,4,4,0,6,0,6,0
per_run_shared_pool,1,732.03,0,4,4,0,6,0,6,0
per_run_shared_pool,1,747.08,0,4,4,0,6,0,6,0
per_run_shared_pool,1,762.6,0,4,4,0,6,0,6,0
per_run_shared_pool,1,777.17,0,4,4,0,6,0,6,0
per_run_shared_pool,1,784.98,0,4,4,0,6,0,6,0
per_run_shared_pool,1,788.19,0,4,4,0,6,0,6,0
per_run_shared_pool,5,0.05,0,4,4,0,6,0,6,0
per_run_shared_pool,5,23.37,5,5,0,1,6,3,3,0
per_run_shared_pool,5,32.91,4,5,1,0,7,3,4,0
per_run_shared_pool,5,40.55,5,5,0,0,7,5,2,0
per_run_shared_pool,5,47.6,4,5,1,0,7,4,3,0
per_run_shared_pool,5,57.51,0,5,5,0,7,0,7,0
per_run_shared_pool,5,68.15,0,5,5,0,7,0,7,0
per_run_shared_pool,5,82.85,0,5,5,0,7,0,7,0
per_run_shared_pool,5,98.41,0,5,5,0,7,0,7,0
per_run_shared_pool,5,114.17,0,5,5,0,7,0,7,0
per_run_shared_pool,5,128.74,0,5,5,0,7,0,7,0
per_run_shared_pool,5,142.41,0,5,5,0,7,0,7,0
per_run_shared_pool,5,158.41,0,5,5,0,7,0,7,0
per_run_shared_pool,5,173.59,0,5,5,0,7,0,7,0
per_run_shared_pool,5,189.0,0,5,5,0,7,0,7,0
per_run_shared_pool,5,197.24,0,5,5,0,7,0,7,0
per_run_shared_pool,5,212.64,0,5,5,0,7,0,7,0
per_run_shared_pool,5,225.61,0,5,5,0,7,0,7,0
per_run_shared_pool,5,241.27,0,5,5,0,7,0,7,0
per_run_shared_pool,5,256.12,0,5,5,0,7,0,7,0
per_run_shared_pool,5,271.74,0,5,5,0,7,0,7,0
per_run_shared_pool,5,282.27,5,5,0,0,7,4,3,0
per_run_shared_pool,5,288.77,3,5,2,0,7,3,4,0
per_run_shared_pool,5,297.32,0,5,5,0,7,0,7,0
per_run_shared_pool,5,304.79,0,5,5,0,7,0,7,0
per_run_shared_pool,5,320.09,0,5,5,0,7,0,7,0
per_run_shared_pool,5,334.97,0,5,5,0,7,0,7,0
per_run_shared_pool,5,350.29,0,5,5,0,7,0,7,0
per_run_shared_pool,5,364.91,0,5,5,0,7,0,7,0
per_run_shared_pool,5,378.64,0,5,5,0,7,0,7,0
per_run_shared_pool,5,394.36,0,5,5,0,7,0,7,0
per_run_shared_pool,5,409.95,0,5,5,0,7,0,7,0
per_run_shared_pool,5,421.08,0,5,5,0,7,0,7,0
per_run_shared_pool,5,436.47,0,5,5,0,7,0,7,0
per_run_shared_pool,5,453.5,0,5,5,0,7,0,7,0
per_run_shared_pool,5,468.12,0,5,5,0,7,0,7,0
per_run_shared_pool,5,481.87,0,5,5,0,7,0,7,0
per_run_shared_pool,5,494.14,0,5,5,0,7,0,7,0
per_run_shared_pool,5,509.61,0,5,5,0,7,0,7,0
per_run_shared_pool,5,525.28,0,5,5,0,7,0,7,0
per_run_shared_pool,5,536.84,4,5,1,0,7,4,3,0
per_run_shared_pool,5,544.08,2,5,3,0,7,0,7,0
per_run_shared_pool,5,559.21,0,5,5,0,7,0,7,0
per_run_shared_pool,5,574.63,0,5,5,0,7,0,7,0
per_run_shared_pool,5,589.39,0,5,5,0,7,0,7,0
per_run_shared_pool,5,604.99,0,5,5,0,7,0,7,0
per_run_shared_pool,5,619.67,0,5,5,0,7,0,7,0
per_run_shared_pool,5,635.28,0,5,5,0,7,0,7,0
per_run_shared_pool,5,649.98,0,5,5,0,7,0,7,0
per_run_shared_pool,5,665.63,0,5,5,0,7,0,7,0
per_run_shared_pool,5,680.18,0,5,5,0,7,0,7,0
per_run_shared_pool,5,695.99,0,5,5,0,7,0,7,0
per_run_shared_pool,5,710.64,0,5,5,0,7,0,7,0
per_run_shared_pool,5,726.33,0,5,5,0,7,0,7,0
per_run_shared_pool,5,740.95,0,5,5,0,7,0,7,0
per_run_shared_pool,5,756.94,0,5,5,0,7,0,7,0
per_run_shared_pool,5,770.97,0,5,5,0,7,0,7,0
per_run_shared_pool,5,786.96,0,5,5,0,7,0,7,0
per_run_shared_pool,5,797.55,4,5,1,0,7,4,3,0
per_run_shared_pool,5,804.47,2,5,3,0,7,0,7,0
per_run_shared_pool,5,805.36,0,5,5,0,7,0,7,0
per_run_shared_pool,20,0.09,0,4,4,0,6,0,6,0
per_run_shared_pool,20,84.88,5,5,0,16,6,0,6,0
per_run_shared_pool,20,98.53,5,5,0,16,7,0,7,0
per_run_shared_pool,20,109.36,6,6,0,15,7,0,7,0
per_run_shared_pool,20,122.32,6,6,0,15,7,4,3,0
per_run_shared_pool,20,128.75,7,7,0,14,9,0,9,0
per_run_shared_pool,20,141.69,8,8,0,13,9,6,3,0
per_run_shared_pool,20,163.28,9,9,0,12,10,8,2,0
per_run_shared_pool,20,172.72,9,9,0,12,11,7,4,0
per_run_shared_pool,20,179.65,10,10,0,11,11,9,2,0
per_run_shared_pool,20,186.8,10,10,0,5,12,3,9,0
per_run_shared_pool,20,194.17,11,11,0,10,12,9,3,0
per_run_shared_pool,20,201.14,11,11,0,10,13,9,4,0
per_run_shared_pool,20,209.11,12,12,0,9,13,10,3,0
per_run_shared_pool,20,234.37,13,13,0,8,14,7,7,0
per_run_shared_pool,20,245.77,12,13,1,0,15,2,13,0
per_run_shared_pool,20,253.38,9,13,4,0,15,8,7,0
per_run_shared_pool,20,268.95,0,13,13,0,15,0,15,0
per_run_shared_pool,20,276.41,0,13,13,0,15,0,15,0
per_run_shared_pool,20,291.8,0,13,13,0,15,0,15,0
per_run_shared_pool,20,305.79,0,13,13,0,15,0,15,0
per_run_shared_pool,20,322.43,0,13,13,0,15,0,15,0
per_run_shared_pool,20,335.66,0,13,13,0,15,0,15,0
per_run_shared_pool,20,344.61,4,13,9,0,15,2,13,0
per_run_shared_pool,20,352.38,1,13,12,0,15,0,15,0
per_run_shared_pool,20,361.1,7,13,6,0,15,2,13,0
per_run_shared_pool,20,368.37,7,13,6,0,15,3,12,0
per_run_shared_pool,20,383.5,0,13,13,0,15,0,15,0
per_run_shared_pool,20,390.07,0,13,13,0,15,0,15,0
per_run_shared_pool,20,397.75,0,13,13,0,15,0,15,0
per_run_shared_pool,20,414.2,0,13,13,0,15,0,15,0
per_run_shared_pool,20,427.96,0,13,13,0,15,0,15,0
per_run_shared_pool,20,443.18,0,13,13,0,15,0,15,0
per_run_shared_pool,20,456.94,0,13,13,0,15,0,15,0
per_run_shared_pool,20,473.8,0,13,13,0,15,0,15,0
per_run_shared_pool,20,487.27,0,13,13,0,15,0,15,0
per_run_shared_pool,20,503.28,0,13,13,0,15,0,15,0
per_run_shared_pool,20,517.58,0,13,13,0,15,0,15,0
per_run_shared_pool,20,534.09,0,13,13,0,15,0,15,0
per_run_shared_pool,20,547.97,0,13,13,0,15,0,15,0
per_run_shared_pool,20,563.6,0,13,13,0,15,0,15,0
per_run_shared_pool,20,577.98,0,13,13,0,15,0,15,0
per_run_shared_pool,20,593.94,0,13,13,0,15,0,15,0
per_run_shared_pool,20,606.37,8,13,5,0,15,8,7,0
per_run_shared_pool,20,616.97,14,14,0,0,15,8,7,0
per_run_shared_pool,20,625.71,11,14,3,0,15,9,6,0
per_run_shared_pool,20,636.94,4,14,10,0,16,0,16,0
per_run_shared_pool,20,644.78,0,14,14,0,16,0,16,0
per_run_shared_pool,20,659.97,0,14,14,0,16,0,16,0
per_run_shared_pool,20,675.12,0,14,14,0,16,0,16,0
per_run_shared_pool,20,690.56,0,14,14,0,16,0,16,0
per_run_shared_pool,20,705.39,0,14,14,0,16,0,16,0
per_run_shared_pool,20,721.24,0,14,14,0,16,0,16,0
per_run_shared_pool,20,735.86,0,14,14,0,16,0,16,0
per_run_shared_pool,20,751.44,0,14,14,0,16,0,16,0
per_run_shared_pool,20,766.02,0,14,14,0,16,0,16,0
per_run_shared_pool,20,773.45,0,14,14,0,16,0,16,0
per_run_shared_pool,20,788.74,0,14,14,0,16,0,16,0
per_run_shared_pool,20,804.63,0,14,14,0,16,0,16,0
per_run_shared_pool,20,820.46,0,14,14,0,16,0,16,0
per_run_shared_pool,20,836.2,0,14,14,0,16,0,16,0
per_run_shared_pool,20,851.08,0,14,14,0,16,0,16,0
per_run_shared_pool,20,860.52,12,14,2,0,16,10,6,0
per_run_shared_pool,20,867.92,13,14,1,0,16,5,11,0
per_run_shared_pool,20,894.88,6,15,9,0,16,2,14,0
per_run_shared_pool,20,903.97,1,15,14,0,16,0,16,0
per_run_shared_pool,20,909.85,0,15,15,0,17,0,17,0
per_run_shared_pool,50,0.14,0,4,4,0,6,0,6,0
per_run_shared_pool,50,174.57,5,5,0,46,6,0,6,0
per_run_shared_pool,50,189.85,5,5,0,46,6,0,6,0
per_run_shared_pool,50,200.14,6,6,0,45,7,0,7,0
per_run_shared_pool,50,211.67,6,6,0,45,7,1,6,0
per_run_shared_pool,50,230.15,7,7,0,44,8,1,7,0
per_run_shared_pool,50,253.37,7,7,0,44,9,0,9,0
per_run_shared_pool,50,279.0,8,8,0,42,9,0,9,0
per_run_shared_pool,50,286.72,9,9,0,42,10,7,3,0
per_run_shared_pool,50,312.54,10,10,0,41,11,8,3,0
per_run_shared_pool,50,321.49,10,10,0,33,12,0,12,0
per_run_shared_pool,50,328.89,11,11,0,40,12,9,3,0
per_run_shared_pool,50,340.73,12,12,0,39,13,10,3,0
per_run_shared_pool,50,347.74,12,12,0,28,14,0,13,0
per_run_shared_pool,50,374.16,13,13,0,38,14,12,2,0
per_run_shared_pool,50,383.88,13,13,0,35,15,9,6,0
per_run_shared_pool,50,391.61,14,14,0,37,15,13,2,0
per_run_shared_pool,50,398.92,14,14,0,30,16,5,11,0
per_run_shared_pool,50,406.42,15,15,0,36,16,14,2,0
per_run_shared_pool,50,414.37,15,15,0,35,17,11,6,0
per_run_shared_pool,50,434.76,16,16,0,35,17,13,4,0
per_run_shared_pool,50,451.99,16,16,0,34,18,12,6,0
per_run_shared_pool,50,465.11,17,17,0,34,18,16,2,0
per_run_shared_pool,50,476.22,17,17,0,34,19,16,3,0
per_run_shared_pool,50,489.82,18,18,0,32,19,14,5,0
per_run_shared_pool,50,501.32,18,18,0,33,20,17,3,0
per_run_shared_pool,50,513.34,19,19,0,31,20,9,11,0
per_run_shared_pool,50,525.03,19,19,0,32,21,18,3,0
per_run_shared_pool,50,554.83,20,20,0,31,21,17,4,0
per_run_shared_pool,50,569.01,20,20,0,31,22,9,13,0
per_run_shared_pool,50,578.44,20,20,0,29,22,15,7,0
per_run_shared_pool,50,588.71,20,20,0,30,22,14,8,0
per_run_shared_pool,50,598.69,20,20,0,29,22,6,16,0
per_run_shared_pool,50,609.71,20,20,0,27,22,7,15,0
per_run_shared_pool,50,618.62,20,20,0,23,22,3,19,0
per_run_shared_pool,50,628.16,20,20,0,24,22,5,17,0
per_run_shared_pool,50,637.11,20,20,0,8,22,5,17,0
per_run_shared_pool,50,645.4,17,20,3,0,22,4,18,0
per_run_shared_pool,50,657.19,0,20,20,0,22,0,22,0
per_run_shared_pool,50,669.15,0,20,20,0,22,0,22,0
per_run_shared_pool,50,682.89,0,20,20,0,22,0,22,0
per_run_shared_pool,50,698.12,0,20,20,0,22,0,22,0
per_run_shared_pool,50,714.57,4,20,16,0,22,0,22,0
per_run_shared_pool,50,726.24,20,20,0,6,22,3,19,0
per_run_shared_pool,50,736.97,12,20,8,0,22,2,20,0
per_run_shared_pool,50,745.62,11,20,9,0,22,8,14,0
per_run_shared_pool,50,752.37,6,20,14,0,22,5,17,0
per_run_shared_pool,50,759.54,6,20,14,0,22,3,19,0
per_run_shared_pool,50,766.55,5,20,15,0,22,3,19,0
per_run_shared_pool,50,783.93,0,20,20,0,22,0,22,0
per_run_shared_pool,50,790.78,0,20,20,0,22,0,22,0
per_run_shared_pool,50,802.82,0,20,20,0,22,0,22,0
per_run_shared_pool,50,818.44,0,20,20,0,22,0,22,0
per_run_shared_pool,50,826.89,0,20,20,0,22,0,22,0
per_run_shared_pool,50,834.38,0,20,20,0,22,0,22,0
per_run_shared_pool,50,846.54,0,20,20,0,22,0,22,0
per_run_shared_pool,50,862.17,0,20,20,0,22,0,22,0
per_run_shared_pool,50,875.56,0,20,20,0,22,0,22,0
per_run_shared_pool,50,892.18,0,20,20,0,22,0,22,0
per_run_shared_pool,50,899.92,0,20,20,0,22,0,22,0
per_run_shared_pool,50,915.4,0,20,20,0,22,0,22,0
per_run_shared_pool,50,931.55,0,20,20,0,22,0,22,0
per_run_shared_pool,50,943.59,0,20,20,0,22,0,22,0
per_run_shared_pool,50,958.81,0,20,20,0,22,0,22,0
per_run_shared_pool,50,973.67,16,20,4,0,22,3,19,0
per_run_shared_pool,50,988.92,20,20,0,6,22,1,21,0
per_run_shared_pool,50,1000.14,20,20,0,1,22,5,17,0
per_run_shared_pool,50,1012.74,20,20,0,1,22,8,14,0
per_run_shared_pool,50,1022.73,17,20,3,0,22,6,16,0
per_run_shared_pool,50,1029.79,4,20,16,0,22,3,19,0
per_run_shared_pool,50,1032.09,0,20,20,0,22,0,22,0
